protocolName,nodeCount,packetsPerSecond,nodeSpeed,flowRunningTime,comment,network_throughput,avg_end_to_end_delay,packet_drop_ratio,packet_delivery_ratio,total_flows,total_tx_bytes,total_rx_bytes,total_tx_packets,total_rx_packets,total_lost_packets
RAODV,100,100,5,20,nodeCount,0.45405731201171873,0.1520342786339161,53.663027523732595,16.194620321877416,3194,9760726,1190284,115137,18646,61786
RAODV,20,100,5,20,nodeCount,0.27422943115234377,0.0014238543940168753,58.18172552616827,39.8613871477348,46,1804568,718876,19623,7822,11417
RAODV,40,100,5,20,nodeCount,0.31880722045898435,0.09964040135479788,60.80321842269542,25.564726827125384,482,3767442,835734,43251,11057,26298
RAODV,70,100,5,20,nodeCount,0.46880569458007815,0.14484683109572086,56.35986265566545,21.736790857377134,1568,6727046,1228946,78052,16966,43990
